calls_last_24h,calls_last_7d,avg_duration_seconds,ratio_missed_calls,is_in_contacts,label
6,6,313,0.12300329512374564,0,0
19,81,78,0.5586423964504253,1,1
14,90,370,0.34316735317265823,0,1
10,33,229,0.729173487549448,1,1
7,90,584,0.6522916485919397,1,1
6,16,594,0.8456043629899068,0,0
18,42,170,0.6924928266692253,1,1
10,58,98,0.42993107739014813,1,0
10,50,594,0.6729666223944324,0,0
3,53,598,0.2753811742554185,0,1
7,23,168,0.3063134987782127,1,1
2,24,498,0.7889851599207933,0,1
1,70,333,0.4464195164015822,1,0
11,51,390,0.7983803405183525,1,1
5,69,111,0.8224223736682784,0,1
1,87,503,0.8575623376612838,0,1
0,32,28,0.9166352358412073,0,1
11,48,463,0.43098522051329624,0,1
11,28,491,0.31886681832113883,1,0
16,62,406,0.5821987465941139,1,1
9,21,288,0.3711724234376276,0,1
15,25,374,0.601074166800233,0,1
14,27,340,0.7055858626438246,1,0
14,84,353,0.6884050184921369,1,1
18,48,464,0.37455288702012135,1,0
11,70,74,0.16686020169875282,1,0
19,80,85,0.43052933846220753,0,1
2,83,152,0.14259414408190874,1,1
4,48,482,0.8900970351838083,1,1
18,19,426,0.3458774607378574,0,0
6,85,314,0.15445974722332378,1,0
8,91,506,0.025447759905750877,1,0
6,62,300,0.6458223862864843,0,0
17,60,111,0.6369023174547432,0,0
3,48,276,0.34060416658129167,0,0
13,70,12,0.071711888847651,1,1
17,0,94,0.409628894895232,1,1
8,95,337,0.3112174950633936,0,0
1,12,459,0.6771206397350094,0,1
19,93,463,0.6057792494526903,1,1
14,86,230,0.36459372819754,0,0
6,50,163,0.2178925542549901,0,0
11,55,21,0.9880359661555919,0,1
7,82,142,0.45400162119611487,1,0
14,61,313,0.688274235780237,1,0
2,31,302,0.14055296757836078,1,1
13,29,309,0.4855896996593978,1,0
16,28,52,0.027536719869465487,1,1
3,48,352,0.50545511791045,1,1
17,44,335,0.9640174071177023,0,1
7,92,507,0.3842067129858002,1,1
3,29,373,0.03899601257491159,1,1
1,15,436,0.03095579091934353,0,0
5,39,30,0.3879867599468695,1,0
9,18,416,0.16002493646319405,1,0
3,17,345,0.023352096328185912,0,0
17,0,126,0.7562136139501768,0,1
11,77,133,0.4585230088818907,0,1
1,46,408,0.2892447719726545,1,0
9,65,60,0.9000831830164807,0,1
3,91,333,0.11613896020052561,1,0
13,93,150,0.9559188289553192,1,0
15,37,479,0.3139667173773528,1,0
14,50,343,0.8884036723086812,1,1
7,62,382,0.6029428764794615,0,1
13,3,573,0.8267073597414875,0,1
7,0,503,0.9840131632104643,1,1
15,7,548,0.2884054378187457,0,0
12,28,165,0.961135485407593,1,1
17,54,300,0.38948189490242036,1,1
14,2,153,0.3855119047369223,1,1
12,31,115,0.3403871042545057,0,0
8,9,429,0.5414076073475852,1,0
14,73,11,0.1541450431784871,1,1
12,82,598,0.5537114853580112,0,1
0,33,99,0.541704812410004,0,1
6,96,354,0.76190181260487,0,1
8,86,359,0.8336499619375856,0,0
0,54,468,0.44044135031242404,1,1
11,91,272,0.30233324935149375,0,1
7,31,360,0.25933489731709447,1,1
10,49,117,0.19462383670487193,0,0
18,6,595,0.05764758219902488,0,0
16,92,48,0.34244797883471334,0,1
7,7,168,0.27024769213078326,0,1
2,64,592,0.9664173858664074,0,1
2,56,321,0.5577088262500439,0,1
0,66,250,0.34727703903050755,1,1
4,87,454,0.580467600993696,0,0
9,86,307,0.1391967013456955,0,0
6,58,45,0.4440437492022029,0,0
8,71,93,0.6262343214210638,0,1
6,53,461,0.4888978317924514,1,0
8,66,394,0.40177880065432425,0,0
7,50,181,0.9938483888996982,0,0
11,96,385,0.880314762148927,0,1
1,91,371,0.6234059581594401,0,1
0,7,568,0.5693773611822828,1,0
15,33,150,0.620660479824584,0,1
4,34,127,0.20131210782243325,1,0
2,95,286,0.3951377432643186,0,0
11,87,229,0.03945953289089932,1,0
7,77,35,0.47554603748682667,1,0
2,31,530,0.5430245839576632,0,1
0,45,19,0.2277497361032096,0,1
2,15,387,0.9640288471655137,1,1
4,67,593,0.909454610937242,1,1
14,36,161,0.7221432354559059,0,0
13,53,58,0.5333866287653626,1,1
2,84,163,0.869969159647685,1,0
0,13,302,0.1306523438234629,1,1
4,94,589,0.790509794274885,0,1
13,54,59,0.1248208139668483,1,1
6,47,540,0.7942106625494054,1,0
8,81,69,0.27576756825135695,1,0
14,6,176,0.8770905810181889,0,0
14,73,211,0.9440420938253978,0,0
9,6,155,0.14879596940511564,1,1
12,32,448,0.4626756050653935,0,0
18,22,251,0.9809873781626851,1,0
6,84,590,0.4834074359731466,0,1
16,18,570,0.8635475225145451,0,1
19,18,492,0.5887315221313199,1,0
3,35,117,0.37532990791960186,0,1
4,28,235,0.2857835555258702,0,0
6,59,441,0.20322309108608727,0,1
12,81,428,0.7617981913776972,1,0
14,1,464,0.3865405068230279,0,0
10,0,169,0.5112754622007512,0,0
3,46,532,0.4923254800011819,1,0
12,68,599,0.5772790292331312,0,0
6,19,86,0.8655771456245522,0,1
18,10,518,0.9807393435834294,0,0
1,1,450,0.40758420857381694,0,0
9,66,263,0.8275189221063031,0,0
12,86,329,0.7645277946547177,1,0
5,11,272,0.5735289514555733,1,0
11,19,563,0.9560471436119331,0,1
11,4,383,0.20047451552840279,0,1
19,36,176,0.10926421030962141,0,0
10,37,468,0.8539619669554221,1,1
6,93,289,0.4391498166337483,1,0
0,8,311,0.8469688542070605,0,1
0,97,540,0.8930902051954149,0,1
19,52,589,0.06245759361907144,1,0
12,43,227,0.8834647629860607,0,1
8,98,111,0.4483190553694222,1,1
2,85,563,0.5104324890042322,1,0
6,23,297,0.6265925110932102,0,0
5,80,176,0.9263826067300868,1,1
7,73,45,0.01911609442976403,0,1
8,29,362,0.4768434683178171,0,1
4,58,82,0.6877220424305607,0,0
0,86,362,0.7227069576982285,0,1
18,95,79,0.692532431537108,0,1
9,80,434,0.13443512940812186,0,1
11,80,570,0.29939558837168123,1,0
14,13,526,0.35871552541701346,1,0
8,8,437,0.804437207679505,1,0
19,39,548,0.278759872414553,1,0
16,65,169,0.21070496386720317,0,1
16,24,158,0.9574480190380962,1,0
19,72,239,0.0088632851134689,1,1
11,21,571,0.9978208556819782,1,1
6,3,76,0.6768212988573956,0,1
1,25,390,0.8284692994491171,1,1
2,57,67,0.29461939634619316,0,0
16,28,268,0.014315277667059978,1,0
4,97,351,0.73786951856153,0,0
16,86,139,0.8341445970006758,0,0
16,36,181,0.7404761319535191,1,0
16,74,218,0.1428502873008386,0,1
1,69,363,0.7534279222569691,0,0
1,17,480,0.768922782107641,1,0
4,84,125,0.6585405156700549,1,0
0,41,273,0.7661159327955862,1,0
0,99,451,0.8459214396777321,0,1
18,40,557,0.6136041142374584,0,1
1,37,462,0.08860471396967906,0,1
11,33,486,0.48762780966721087,1,1
5,16,296,0.07764933467160506,0,1
3,36,312,0.40754303103243084,0,0
10,24,320,0.40710648912562764,0,1
16,75,217,0.06600984414024158,0,1
5,86,455,0.3488205339694793,0,1
4,85,64,0.11099809879131484,0,0
19,84,21,0.8082352100092222,0,0
1,26,409,0.9476880259644708,1,1
5,56,524,0.0723164752579386,1,0
10,30,551,0.9551152072917014,1,0
15,5,246,0.5225765993367452,0,1
15,90,288,0.2995656779538739,0,0
0,39,357,0.07686207527616351,1,0
8,97,113,0.5006242680704178,0,0
5,11,526,0.7945155444907487,1,1
15,52,257,0.7070864772666982,0,1
2,70,373,0.05022601146397376,0,1
19,9,330,0.07290183536790351,1,0
3,44,295,0.4028732826326371,1,1
18,16,158,0.2952904940479433,1,0
2,25,93,0.23238432305604784,1,0
18,84,415,0.2810044989087136,1,0
19,91,465,0.8034827432968846,0,1
6,61,170,0.9292280536318539,0,1
19,45,469,0.4051026945275664,0,1
8,63,559,0.9061110021324971,1,1
0,1,509,0.32149570124788196,1,0
7,53,518,0.4764369863437916,1,1
6,64,490,0.22602899781599972,1,0
17,50,123,0.640476042175844,1,1
7,52,587,0.9789811151748089,1,1
0,35,370,0.6034930960433786,0,1
10,25,350,0.35781408411354887,0,0
17,28,458,0.6478174459905284,0,0
9,20,189,0.12292067846538757,0,0
2,10,416,0.8886590802653986,0,0
6,39,205,0.5030839507798364,1,0
15,10,475,0.44934974203964206,1,1
15,35,320,0.5858647884535192,1,0
19,58,271,0.6247838627894025,1,0
16,38,428,0.07177580622651303,1,0
1,98,415,0.6826172212234024,1,0
0,53,152,0.24193168031552958,0,1
15,97,351,0.7139526325065898,1,0
11,54,325,0.8225347943841967,1,1
4,23,110,0.8039585075525203,1,1
4,21,253,0.5525009674078891,1,1
8,68,499,0.5201698923107512,0,0
8,55,21,0.14287596133941172,0,1
2,32,248,0.7753461504031356,1,0
18,35,570,0.27140938044671437,0,0
15,19,51,0.49669542281794654,0,0
15,82,438,0.2842740929275167,1,0
2,98,167,0.13382836299969314,1,0
19,80,225,0.6295576968917366,1,1
0,61,471,0.05433203482290383,1,1
19,97,143,0.7486452341262,1,0
10,72,76,0.31758679526111666,0,1
16,25,16,0.00013469300448532007,1,0
7,65,535,0.5111291392372298,1,1
3,72,82,0.046851908527603126,1,1
5,72,408,0.27616955782089947,0,1
7,39,414,0.7069764874557162,1,1
19,16,587,0.06268962162186587,1,1
2,0,139,0.8393384923560023,1,0
15,88,475,0.003819922658583108,0,0
2,60,215,0.24682386920190225,1,1
17,42,275,0.7409040561520714,1,0
13,41,546,0.3162701497293068,1,1
17,24,262,0.10189238806601353,0,0
1,38,298,0.3602339188004279,1,1
2,34,173,0.27039328638452553,1,1
15,2,104,0.8427119021605549,1,1
8,43,119,0.31334791758514313,0,0
3,50,345,0.7889324717760072,1,0
0,93,247,0.8918721448107347,1,1
3,97,390,0.43381741957652953,1,1
0,11,445,0.909943143854392,0,0
13,18,492,0.37731805396319285,0,0
15,43,34,0.9640784164901082,1,0
19,58,126,0.08928952452557293,0,0
7,48,491,0.6870192665032427,0,0
6,60,401,0.49381404045692867,0,1
2,16,546,0.38764880545564706,1,0
16,73,88,0.6327118787486009,1,1
0,56,589,0.7038570916343312,0,1
15,54,182,0.004363269650309087,0,0
11,46,21,0.16695308874719872,0,0
18,11,137,0.7130460506343187,1,1
13,61,101,0.6663854135782065,1,0
5,79,552,0.9660475051286772,0,1
5,87,541,0.761037790250783,0,0
12,82,456,0.950772707731338,0,0
18,7,399,0.702540501534807,0,0
7,94,52,0.29805220863944315,1,1
1,20,263,0.10536492225085647,0,0
0,80,139,0.7818238633449356,1,1
14,86,69,0.6441492214759159,0,0
0,79,476,0.04818601239329623,0,1
4,69,296,0.36005046590097833,0,0
15,71,526,0.9567998154842862,0,1
18,24,476,0.5004011457102012,0,1
3,81,354,0.43272913601970464,1,1
2,88,391,0.457699605159294,0,1
16,11,262,0.20888272400516372,0,1
16,14,65,0.3687071708647952,0,1
11,58,472,0.3698132559871766,1,0
13,25,466,0.0523550201874724,1,1
5,25,92,0.7675676285179183,1,1
2,46,108,0.416504431903879,1,1
8,31,158,0.8221798868164233,0,0
4,9,338,0.8503480011198954,0,0
16,15,165,0.21199405469865806,0,0
13,70,199,0.6573534821701286,1,1
2,16,503,0.4722818041629817,0,0
0,22,272,0.8801567379214851,0,0
19,25,89,0.21574067917645412,1,1
0,84,409,0.6778132003100442,1,1
2,85,269,0.6077521222527226,1,0
17,6,561,0.2953014775718328,0,1
9,13,110,0.1366009036511726,0,1
2,78,368,0.6516397604772766,1,1
7,6,389,0.7385974581323307,0,1
13,8,230,0.31562734376335,1,0
17,47,429,0.6448326040223138,1,1
14,71,133,0.39513090761150327,0,0
1,58,431,0.7132068832826177,1,0
9,86,240,0.1992152748940531,1,0
1,92,72,0.8902150026361744,1,0
16,81,494,0.28740959646557973,0,1
7,94,583,0.3677859877561529,1,1
0,93,492,0.058091952080349785,1,1
8,38,528,0.1115122123212764,1,0
10,98,164,0.5158619027123281,1,0
15,17,101,0.2675926767279715,1,0
6,58,535,0.8354802257421944,1,1
9,16,464,0.014693388654953843,1,0
2,13,519,0.3790940486719362,0,1
17,30,192,0.3373455467690927,0,1
12,23,395,0.019327630917601035,1,1
6,98,583,0.12436839900051022,0,1
3,59,414,0.41364267491863527,0,0
12,44,255,0.49286458444744663,1,1
19,97,480,0.4042897472548691,0,0
0,2,432,0.5309376784120938,1,1
7,36,74,0.5951316749056815,1,0
13,42,22,0.00992382112783563,1,0
15,39,222,0.4640951594535039,1,1
13,89,251,0.9634992408875883,1,1
11,54,502,0.5190322801295487,0,1
18,86,222,0.6775422674589532,1,0
14,38,347,0.3118638579168832,0,1
1,14,182,0.7739913781527625,1,1
1,3,173,0.7729214818761151,1,0
18,92,474,0.521296047654139,1,1
16,85,506,0.9760138232792136,0,0
19,24,404,0.12555021476265338,1,1
9,12,317,0.016947664889580993,1,0
5,81,192,0.770158211757096,1,0
14,32,519,0.8071555373648825,1,1
10,15,555,0.12020722912057624,0,0
4,41,573,0.2655828329586061,1,1
0,65,236,0.01755236336662891,0,1
7,54,445,0.2933086107805647,1,0
11,98,431,0.7731418739186715,0,1
11,41,563,0.5179605277125789,0,0
4,33,30,0.3480955931682881,1,0
6,29,563,0.3717392949063303,1,0
3,12,406,0.0013536257154681541,0,0
5,12,114,0.2998005275652359,1,0
12,17,201,0.6464587416379305,1,0
19,31,26,0.9741944438163571,1,0
14,95,129,0.8470608269838995,0,0
2,98,402,0.023594964645529126,1,1
7,38,434,0.8985606046748393,1,1
19,45,138,0.7831984132986259,1,0
15,28,139,0.7803761235709804,0,1
12,61,581,0.4579957590035715,1,1
17,92,569,0.3980052929545028,0,1
9,61,38,0.3029157288331926,1,1
18,56,106,0.06569485895436578,0,1
16,15,19,0.2282353634936991,1,1
18,55,251,0.24660363497802462,1,0
4,9,241,0.4840770697102016,0,1
8,29,293,0.747444406596694,0,1
11,24,209,0.4738098283979466,0,1
0,83,88,0.057844449447160606,1,1
0,4,182,0.9577898009882039,1,0
14,64,476,0.9427243190941123,1,0
1,93,590,0.7851895431484084,1,0
15,48,425,0.9913279015642206,0,0
7,2,458,0.5444823328002629,1,1
12,44,96,0.9627683502532061,1,0
0,13,110,0.07560504061675077,1,0
15,29,17,0.3656807482613713,1,0
6,67,209,0.22538126800676583,1,0
4,17,514,0.19583308413427003,1,1
2,61,96,0.14080294889267608,1,0
11,36,52,0.6224136415659967,0,1
15,24,394,0.7813218557473051,1,0
18,47,444,0.5782983994203607,1,1
4,64,417,0.14696270958820967,1,1
13,52,492,0.8111237699334709,1,0
4,78,26,0.6359547071637285,0,0
14,72,157,0.3881657061269955,0,0
16,14,286,0.674130295536063,0,0
13,48,241,0.25990497924283285,0,1
19,87,375,0.3451922084942105,0,1
4,67,237,0.9174858431319902,0,0
11,11,445,0.2905045056714204,1,0
15,58,408,0.4699882681579366,0,1
15,36,220,0.8901411373960146,0,0
6,60,400,0.7077213502675275,1,1
3,42,508,0.06220322616470275,0,0
0,69,549,0.14730304427897034,1,1
4,38,572,0.007841590771916818,1,1
9,55,500,0.6309217902291634,0,1
4,62,451,0.4476734254104183,1,1
3,45,270,0.13427485090227553,0,1
1,87,359,0.9579341210567704,0,0
19,10,361,0.5296597239456199,1,1
9,61,529,0.24189329411288918,1,0
18,76,329,0.5006035711547075,0,1
0,97,147,0.6796203327351078,1,1
4,24,559,0.07623921797356448,1,0
12,70,377,0.274703815047892,0,0
3,51,229,0.8069654908839936,0,0
15,3,346,0.45966487040266124,1,0
15,58,232,0.5465771420322949,0,1
1,71,369,0.43281600220946925,0,0
16,19,338,0.04389994264300512,0,1
19,92,472,0.16574977982015593,0,0
11,62,570,0.4455416387418909,0,0
17,53,391,0.20918546540792782,0,1
2,73,599,0.04997902865967874,0,1
0,97,178,0.8436496640518237,1,0
0,56,226,0.9811925291641158,0,1
18,89,387,0.7931428739967394,1,1
10,40,128,0.853784921704667,1,1
4,2,199,0.24197713031704537,1,1
11,5,379,0.9606269755131998,0,1
2,4,158,0.19692570445342839,0,1
0,4,497,0.9514298103618323,1,1
0,53,383,0.994819293965951,0,1
7,46,169,0.7117228057460487,1,0
9,86,360,0.9811437317918219,0,1
10,48,297,0.5695397795671037,0,0
11,8,297,0.25954178317609033,1,1
12,98,235,0.43699588566562086,1,1
11,19,532,0.593560935378786,1,1
13,60,531,0.07308156202701499,0,1
1,34,282,0.6223432646172461,1,0
18,49,411,0.9811778367622945,0,0
17,81,192,0.19010764978372763,0,1
2,61,497,0.7925951162883833,0,0
16,16,133,0.9078987937796194,1,1
7,87,423,0.9437015928202208,1,1
9,2,181,0.9601356044054472,1,0
1,31,297,0.5214596387214719,0,0
18,98,444,0.9773079079915037,0,1
8,12,122,0.7573102071344389,1,1
6,88,131,0.1616714362369619,0,0
3,72,553,0.47690010646797,0,1
17,67,231,0.718331175372004,1,0
12,13,48,0.24734031581908333,1,1
10,97,506,0.6406151835488874,1,1
3,10,242,0.6666004790466192,0,0
3,55,539,0.1626997438085659,0,0
9,66,158,0.5650853124527563,0,0
4,91,406,0.7716269109786077,0,1
8,28,311,0.4988956645359419,0,1
2,8,369,0.012103116776107425,1,1
16,66,247,0.009038469079292177,0,1
2,24,245,0.3570293439700122,0,0
15,97,212,0.926194068431782,0,1
3,75,265,0.22867677960360877,1,1
17,41,244,0.6343636888716871,1,1
16,8,354,0.22207587069332058,1,0
6,78,543,0.3216699896595486,0,1
4,39,475,0.848042089601484,1,1
11,24,550,0.7288614422699469,1,0
16,4,222,0.09539927731321063,1,1
12,10,472,0.4287020209864336,0,1
2,58,445,0.029169763645264468,1,0
8,97,292,0.480890146603009,0,1
16,87,571,0.6624340117010681,0,1
16,78,472,0.11850262359815156,1,1
19,37,416,0.28888493890916567,0,0
15,71,97,0.3978366255021569,1,1
12,4,53,0.9195310246560497,0,1
18,47,470,0.993255015422964,1,0
16,89,287,0.044911298995615856,1,0
3,17,430,0.761007923495392,1,1
11,69,362,0.37172406640234323,0,1
8,36,524,0.39245818622948003,1,1
18,59,28,0.7542649733470227,0,1
11,47,32,0.9184264321454086,1,0
8,76,422,0.9509285945025484,0,1
6,27,39,0.5771225860383208,0,0
13,68,117,0.3571211593005028,1,0
19,76,376,0.7875490858587793,1,1
18,80,290,0.25100138326230026,1,1
14,39,137,0.5640740288335178,1,0
15,44,238,0.35857846152487316,1,0
4,95,120,0.6566310737078761,0,1
2,61,145,0.2403989128935069,1,0
11,92,371,0.19159294573482577,1,1
19,57,195,0.9182390866754371,0,1
3,66,593,0.1018036829495369,1,0
15,55,138,0.5059579077349317,1,0
6,39,270,0.22085278296300892,0,1
12,97,524,0.03892996332566745,1,0
9,39,458,0.03601881829142639,1,1
6,90,113,0.17522177210582734,1,1
13,76,492,0.8667703545060003,0,1
4,32,233,0.28247874397702666,1,0
2,5,500,0.9504591705752957,0,1
10,87,482,0.5816222929891935,1,1
10,18,19,0.4366141897687661,0,1
17,79,414,0.5800888346694546,1,1
14,39,311,0.5166983852262678,0,1
11,91,240,0.7587762537573252,0,1
8,96,75,0.28249606597285226,0,1
9,58,121,0.3530503916003024,0,1
11,58,22,0.8940943025332507,0,1
16,47,402,0.9464565131504055,0,1
5,40,509,0.8925582274864745,1,1
6,12,243,0.4194479939573136,1,0
13,44,323,0.7803655030068817,0,1
12,88,575,0.4763357333010988,0,1
7,52,21,0.4975398521461022,0,1
9,41,218,0.20468010905728395,0,0
8,99,23,0.5911303032585165,1,1
17,62,427,0.18613589775334793,0,0
1,26,446,0.33156469906719377,1,1
4,37,386,0.8550302016199351,1,1
4,59,29,0.20707580921085522,0,0
5,6,596,0.07115828517343281,0,1
18,4,79,0.0690075926128163,1,0
7,44,220,0.9407845205031079,1,0
15,57,110,0.5069204379618346,0,1
12,30,141,0.40941207181701833,0,1
0,22,390,0.8108785810079184,0,1
19,41,141,0.835825927910516,1,1
16,9,29,0.3321910331156046,1,0
6,31,545,0.6936180574737952,0,0
12,52,236,0.7711228158518866,1,1
3,29,163,0.6546506868659545,1,0
3,38,478,0.15159507480009937,0,0
5,30,414,0.875883083517057,0,1
18,81,211,0.5390945527360087,1,0
11,99,47,0.2824724263700037,1,0
6,1,197,0.4252281854376939,0,1
9,77,66,0.03757109039890738,0,0
18,76,29,0.12786680122241756,0,1
6,92,282,0.7655467505158609,0,0
2,11,128,1.1634755366141114e-05,0,1
12,38,592,0.4165658284822922,1,0
12,65,525,0.5225101810855884,1,0
17,95,230,0.054634420000972295,1,1
19,12,535,0.9730781629723328,1,1
7,45,524,0.22612533124967193,0,1
8,26,345,0.30419871963628087,0,1
6,16,64,0.30394251225502733,0,0
0,94,509,0.2304166621173499,1,0
2,97,545,0.001473822086311416,1,0
12,59,171,0.7293447940879964,1,1
16,63,168,0.9668454997992854,0,0
0,87,197,0.22429348328504506,1,0
5,34,69,0.6630471918034224,0,1
5,69,328,0.7418963269587151,0,1
11,82,220,0.8484253790905247,0,0
12,29,415,0.4226291970136091,0,1
12,70,118,0.30293090564042924,0,0
14,73,85,0.3252951340230311,0,0
15,95,551,0.7126213330985128,1,1
10,97,323,0.816779466505636,0,0
4,62,126,0.18161396775660266,0,1
3,27,28,0.3709410081577652,1,1
2,59,441,0.90194019674915,0,0
18,78,359,0.8066935196947392,1,0
19,93,192,0.9848584027624758,1,0
17,36,122,0.7542482596820808,1,1
14,92,192,0.39319520102792227,0,0
8,21,490,0.5906378339946378,0,1
16,67,155,0.6610142542473203,1,1
13,19,122,0.07845581631712395,0,0
14,95,485,0.5444969591038651,0,1
0,99,312,0.7093208284726096,1,0
2,67,127,0.16732130400106038,1,0
15,90,170,0.7806317174255571,0,0
10,63,410,0.5837727805141116,1,0
11,16,207,0.9522217856975946,1,0
9,11,269,0.042422298206891695,1,0
15,21,56,0.26532613755546697,0,0
7,16,408,0.6015538792998241,0,1
5,9,568,0.2965599122059307,0,0
11,64,87,0.7144241640712422,1,1
7,21,133,0.759005282521931,0,1
3,89,84,0.10251596406647445,1,1
7,81,146,0.5138544642067677,0,0
17,49,409,0.5088905555910559,0,1
4,13,514,0.36928077021554107,1,1
8,63,509,0.9329248625696721,0,0
3,46,582,0.8275063198732212,1,0
16,28,147,0.6972093819096368,0,1
8,75,59,0.7143266357349976,0,0
0,35,263,0.4617161438131191,1,0
19,98,572,0.9209945210965759,1,0
12,51,435,0.6945954272532854,1,0
15,75,556,0.7289810616558164,0,1
12,6,311,0.8616909037873453,0,0
13,28,590,0.274071589342191,0,0
2,10,358,0.807070903866703,1,0
5,32,58,0.19524060295649204,1,1
17,5,83,0.34534195224488784,1,1
18,78,270,0.3356104542698427,0,0
4,31,365,0.9785254683891406,0,0
14,50,591,0.8565372237479268,1,1
1,74,269,0.7011698615902597,0,0
9,57,304,0.7270567616153901,1,0
17,86,322,0.5620727944025711,0,1
12,25,191,0.9470906671085191,0,0
4,97,373,0.49625875288236154,1,0
0,45,197,0.3805177098698945,0,1
0,97,578,0.163035336931591,0,1
17,28,552,0.786205652261058,1,0
14,3,557,0.7344439320755914,1,1
16,80,417,0.3843550385241349,0,0
10,98,423,0.02519341395922936,1,0
16,12,351,0.8389973277180107,0,0
12,38,229,0.011417983454073632,1,1
0,14,172,0.703699779629051,0,1
1,28,229,0.970257109726057,0,0
8,28,279,0.43766132814820347,1,0
2,74,409,0.23497340499595276,0,1
0,31,191,0.7048710100433817,0,1
15,1,214,0.8171281420155851,1,1
5,46,591,0.5464303160778473,1,0
16,77,565,0.9670352752561462,0,1
4,83,237,0.0516687216579611,1,1
4,21,259,0.5047955983045281,1,0
5,74,450,0.7184539473225501,0,0
2,26,542,0.862640471149179,0,0
4,66,205,0.17925561190779005,1,1
4,80,528,0.8000034817636814,1,0
9,55,79,0.5527070757185453,1,0
9,91,408,0.3965536819899632,0,0
18,92,212,0.13171502857909356,0,0
16,20,157,0.8652957589089124,0,1
13,46,481,0.15727320817971535,0,0
8,79,208,0.30978785920909924,0,1
13,58,435,0.2900455319624369,0,1
0,83,501,0.8714140341908543,0,1
18,5,151,0.672702994208898,1,0
12,18,322,0.7966813971913723,1,1
12,56,174,0.250467898792499,0,0
3,68,323,0.6248740996069989,0,0
0,2,30,0.5717459831437487,0,0
16,0,91,0.8328303767882711,1,1
7,57,590,0.9060870604812605,0,0
1,37,140,0.012156771477386807,1,0
7,14,314,0.6740199190587927,1,0
6,33,380,0.05183579911972902,1,1
1,60,393,0.5488586650773559,1,1
2,34,454,0.2876327290436782,1,1
17,63,434,0.3067765995221412,0,0
11,24,170,0.3529585034523566,0,1
0,23,187,0.6212924490496101,1,0
11,11,499,0.3340499656687692,0,0
4,17,336,0.7326990505902804,1,1
16,14,298,0.4045273855738697,1,0
15,79,582,0.06835320030995862,0,1
14,26,582,0.7837598424841072,0,0
14,71,363,0.285758324592706,0,1
4,59,37,0.43276687959926263,0,0
13,45,52,0.6854438832219015,0,0
1,88,432,0.332456157148712,1,0
10,16,186,0.056585656146715624,0,0
18,92,538,0.3739210470128136,0,0
6,52,503,0.9444485826943034,0,1
5,7,207,0.6417343972985582,1,0
1,78,586,0.6714791486672069,0,1
5,26,526,0.6322821536376398,1,1
17,45,523,0.1989921389594368,0,1
1,49,31,0.41833386410228013,0,0
17,70,121,0.7509397983633183,1,0
14,2,66,0.10137289755315915,0,0
18,92,75,0.27785277608971226,0,1
1,63,107,0.2763191084658536,1,0
19,43,153,0.432018927594506,0,0
5,52,444,0.9803687409421851,1,1
0,23,95,0.06750254668382194,1,1
14,59,597,0.518700994380595,1,1
9,2,353,0.17936468201221045,1,1
18,19,303,0.9706765454097441,1,1
16,45,580,0.1133035047274642,0,1
4,14,252,0.40360100236159124,0,0
3,24,570,0.7378849848346062,0,1
9,93,41,0.7045544280274453,1,0
16,77,400,0.42272863689393225,1,0
9,70,286,0.34652416795271823,1,0
16,16,541,0.39761237855287057,1,1
19,83,163,0.2642762631586393,0,0
4,99,392,0.2053329387067998,0,1
1,8,77,0.48303969755889,1,1
5,37,223,0.2685337560676073,1,0
1,47,385,0.2874616648972501,0,1
12,59,222,0.6567560634745571,1,0
10,62,88,0.9685373316998922,1,0
10,85,390,0.6036372005593751,1,1
15,1,67,0.07697946706496628,0,0
10,87,35,0.07558361385406698,0,0
18,71,456,0.951423220845566,1,0
14,10,75,0.29729079030733363,0,1
15,63,263,0.09206698608247543,1,0
10,76,53,0.5990445871503816,1,1
15,80,106,0.6236487782902661,0,1
7,71,563,0.6485048201186882,1,0
3,20,236,0.2674020278575413,1,0
7,17,445,0.015110684214475034,0,1
3,93,388,0.9650153694544719,1,1
2,63,187,0.2508930456911025,1,0
2,81,436,0.6760262880525475,1,0
17,94,316,0.7066298698787096,0,1
18,37,513,0.6100074170794857,1,1
18,31,277,0.3129073942136482,0,1
4,10,595,0.27109625376406576,1,1
17,44,17,0.5976682827027031,1,1
9,88,517,0.8660956336116915,1,0
5,32,485,0.9467337289233956,1,1
0,40,306,0.10590580440375763,0,1
4,7,173,0.15482861259771985,0,0
8,10,494,0.9447362587830797,1,0
11,85,81,0.7365352283347926,1,1
13,50,576,0.8829938248297731,1,1
1,87,568,0.20263263413534316,1,0
16,40,247,0.5875858711094019,1,1
13,16,113,0.7011395944174736,1,1
12,75,219,0.6801118854469727,1,0
8,45,563,0.4081516908666981,1,1
14,31,477,0.015394891691308477,0,0
14,78,463,0.5829260568042631,0,0
10,79,277,0.25310153917960876,0,0
15,53,395,0.45025424614289034,1,0
16,85,396,0.9575810150838173,1,1
3,91,268,0.3990353176424347,1,0
0,19,292,0.8398016066644267,0,1
7,32,49,0.18854060574925113,1,1
16,73,495,0.6724604980250288,0,1
2,39,229,0.9770069544389435,1,1
19,31,138,0.10189310087293679,0,1
14,96,529,0.008319942227192012,0,0
14,1,269,0.43358279263261434,0,0
13,96,375,0.0926254830513672,1,0
13,32,553,0.7483843496762314,0,0
1,76,533,0.9145486638485589,1,1
12,29,25,0.43402097270875883,1,0
13,32,138,0.25871164215544096,1,1
18,76,584,0.4344033190066098,1,1
6,25,118,0.723447817850001,1,0
2,21,542,0.009054161580370979,0,0
14,65,278,0.5894539894846972,1,0
13,37,171,0.6132916848873791,1,0
10,89,269,0.6376882468959355,1,1
14,45,111,0.2420220799808772,1,1
12,14,515,0.7140527233781268,1,0
17,97,580,0.0913914863317764,0,1
5,43,256,0.1992703364668008,0,1
2,48,546,0.8774700466544819,1,1
18,74,140,0.7387231507265664,0,0
14,60,362,0.013745554011345251,0,1
4,66,205,0.2483762603698002,1,0
9,5,391,0.21440648299316456,0,0
6,8,236,0.2708063280369726,1,1
16,5,485,0.2475597702798864,0,1
6,72,486,0.06252629574284574,0,0
11,94,274,0.45894051659682034,0,1
16,31,381,0.7327334747861651,1,1
12,40,495,0.6067317247174364,0,0
19,75,443,0.6728716685980798,0,0
3,7,220,0.08114917853623915,1,0
9,71,581,0.9514907101767872,1,0
2,49,386,0.8384918338430248,0,1
8,91,404,0.8050903184956627,1,1
12,61,459,0.8229838050417675,0,0
17,83,373,0.9327105081327614,0,0
14,61,466,0.5442539661136977,1,0
3,6,235,0.2002820178676259,1,1
14,74,140,0.6167836078525412,1,0
1,83,597,0.742881493667939,0,1
14,79,485,0.7379173933540254,1,0
7,3,286,0.5214490241668801,0,0
7,5,165,0.06845871933357806,1,0
16,57,227,0.3711129384301278,0,1
11,21,199,0.9207666084633573,1,1
18,25,426,0.584448909757426,0,1
9,2,555,0.5383319432557134,1,0
8,40,50,0.2688535143821935,0,1
4,59,316,0.3684489199165789,1,1
5,13,347,0.8953460891531693,1,0
19,74,323,0.6664630475268357,0,0
1,81,84,0.7873870267523329,1,1
12,11,288,0.45434542306765513,0,1
5,86,185,0.6302472194561579,0,1
4,11,282,0.24838360874320753,1,1
0,12,298,0.7054608302834863,0,0
5,24,281,0.4276013337033373,1,0
5,44,75,0.4425455148147456,1,0
15,18,492,0.6493223245768817,0,1
3,54,257,0.9362806214689267,1,1
10,99,165,0.06400634660862092,0,0
8,44,56,0.8247432373470076,0,0
2,7,463,0.2923831104121931,1,1
18,92,210,0.4439194545063778,1,1
7,52,133,0.021913328775008956,0,0
4,54,10,0.30104607783431303,0,0
3,31,200,0.5026312426301305,1,0
5,50,588,0.05617607734743901,1,1
1,43,525,0.49109572938316515,1,1
19,81,451,0.9271106288584273,1,1
10,69,152,0.10539321810780522,0,1
3,17,200,0.7644407280755043,1,1
14,82,542,0.40967105337599263,0,1
5,21,236,0.655173714524338,0,0
16,36,322,0.26023659798522936,1,0
5,95,311,0.1594922625413583,0,1
18,55,469,0.16046261427122643,1,0
1,58,410,0.07049194564314465,0,1
14,2,560,0.18564670490124302,1,0
10,27,402,0.6642193849889683,0,1
7,73,216,0.881690611843508,0,0
18,34,219,0.8141256855911618,1,0
12,60,124,0.6851343098744841,1,1
11,92,260,0.11043186341110267,0,1
4,53,228,0.28918744629594983,0,0
5,62,416,0.309806875322469,1,0
3,78,452,0.24995694639762123,0,1
18,96,363,0.5150056597097231,1,0
19,6,567,0.5355538148796726,0,1
0,75,559,0.3568859751711102,1,1
19,48,151,0.353789158736436,0,0
16,93,510,0.8285555979060814,1,1
11,84,556,0.7892928483196856,1,0
14,30,551,0.30779583168074565,0,0
0,57,516,0.9137884438732593,1,1
13,60,290,0.952815017002506,0,0
5,23,433,0.32674254203004083,1,1
4,19,279,0.35442494879305486,1,1
10,36,163,0.5056341534219588,1,1
3,3,92,0.9411208125336735,0,0
12,91,435,0.8763194331423115,1,1
10,19,284,0.1025679625835898,0,0
2,59,293,0.3927307432714162,1,1
0,23,182,0.5533711897497718,0,1
5,49,336,0.50313247255154,0,1
17,48,72,0.19386306793689267,0,0
9,50,82,0.8588167711681547,1,0
4,95,384,0.6769407829968374,0,1
9,35,517,0.8379083748518036,1,1
11,97,407,0.8587642793494722,0,0
1,99,129,0.7483558536657398,0,0
12,65,446,0.43921060124971734,0,0
7,78,474,0.6105467550154245,0,1
1,33,295,0.16036540611974315,1,0
19,35,274,0.6736454174749077,0,1
0,5,329,0.17925325573928075,0,0
4,38,385,0.6939495905101568,1,1
8,41,98,0.22959816075396866,0,1
16,57,212,0.11755130015021997,0,1
8,11,343,0.16528449014295743,0,0
10,2,231,0.001992135219070268,0,0
14,17,50,0.7187396178535302,1,0
5,39,77,0.7324010490583791,1,1
2,20,523,0.5149333499132595,0,1
16,14,136,0.1613628010553837,1,0
4,96,264,0.08355433751068975,1,1
11,98,25,0.01912896643728701,0,1
17,25,486,0.1657481769652207,1,1
13,7,71,0.8908555349831467,0,0
10,99,441,0.24153684170168177,1,1
8,93,277,0.35427132721721566,1,0
1,86,44,0.10534548448133318,1,0
11,41,585,0.22236130474817029,0,0
2,43,503,0.5192245707802051,1,0
2,13,571,0.6077526830956526,0,0
0,77,478,0.24535231416621106,0,1
7,1,334,0.05773215922511721,1,0
7,36,313,0.39103286912739865,0,0
10,68,285,0.23420337092633414,1,0
8,37,210,0.21955392322980194,0,1
4,40,454,0.9598628027134553,0,1
13,61,333,0.6163004859257241,1,1
2,59,44,0.5568784431720959,1,1
4,13,491,0.4157751035233219,1,0
4,88,489,0.42894433343014426,1,0
18,83,74,0.5409050038380808,0,1
13,1,17,0.6964298070361072,0,1
3,69,310,0.7021460961818294,0,1
12,16,352,0.17169390770544957,1,1
9,88,440,0.500112752076627,0,0
17,27,433,0.41195809503410197,1,1
7,65,341,0.8705269662693842,0,1
7,34,447,0.6314189212183764,1,1
6,4,597,0.5325040664159818,0,1
7,64,183,0.11539464217891737,0,1
13,39,568,0.6056378893234114,1,1
18,75,536,0.11720390568023342,0,1
5,55,35,0.33720657556575206,1,0
0,35,415,0.14284196481433187,0,0
14,44,241,0.6920736470243689,0,0
0,22,542,0.2062521138361526,1,0
16,46,559,0.391859373188026,1,0
0,30,514,0.8956747776187787,0,0
14,10,188,0.2043163833989703,0,1
1,9,141,0.5078050639587791,0,1
13,66,464,0.419271661166022,0,0
7,13,357,0.018124041045729733,0,1
7,79,549,0.7927581135728128,0,0
18,73,415,0.06904590631459973,1,1
6,92,85,0.4742550209769536,1,1
18,9,588,0.5606782949389499,1,1
5,75,501,0.6284264566145871,0,1
5,93,203,0.6886316293078756,0,1
2,0,171,0.2532723835227151,0,1
6,4,356,0.009978776658449373,1,0
18,19,370,0.723443662354912,1,0
7,7,593,0.5356565993475786,0,1
9,42,96,0.8361177032072488,0,0
19,75,271,0.8213883629006943,1,1
14,0,223,0.8433261677878832,1,0
14,56,582,0.48509465997954015,1,1
0,63,271,0.33362839583686565,0,0
19,83,292,0.79155820259137,0,1
6,27,476,0.45129411302925493,0,0
3,36,389,0.1834421964034345,1,1
5,46,371,0.8549740195614743,1,0
0,75,458,0.8825598767723473,0,1
4,36,450,0.4663097561401701,0,1
0,48,102,0.07569972730978747,1,1
3,43,433,0.38782608991693124,0,0
1,55,151,0.8035376594626034,1,0
9,27,300,0.9017740285462287,1,0
4,78,441,0.20347274249759584,0,1
9,5,58,0.06697361202527152,1,0
0,60,311,0.8773504531328387,0,1
5,19,199,0.3894049389788753,1,0
12,77,145,0.5417609642675633,1,0
14,1,564,0.9680658120507589,0,0
3,72,413,0.06656472791422285,1,0
12,36,350,0.6483180074520956,0,1
19,19,327,0.07410542257486707,0,0
14,25,372,0.3754689284665004,1,0
7,28,391,0.8038145451934468,0,1
4,0,242,0.4334722327556344,0,1
14,34,353,0.9971823539029504,0,0
3,69,558,0.5590592849466022,0,0
11,58,562,0.3211621526359535,0,1
12,68,538,0.22011132590475313,0,1
1,32,580,0.3505205342861618,1,1
18,50,192,0.3725332737595508,0,0
18,77,50,0.06871367772396098,1,0
3,11,560,0.36957419942677316,1,0
3,19,406,0.4642385197392249,0,1
10,52,503,0.7227377522388047,1,1
4,87,342,0.656729484721608,1,1
19,42,136,0.7087656552291542,0,0
10,97,567,0.008363681876857099,0,1
9,88,566,0.21766739958053605,0,0
7,49,10,0.6616842883998565,1,1
5,28,177,0.48398936817974714,1,0
5,56,28,0.005313475668345946,0,0
7,38,341,0.8044946424318223,0,1
14,94,593,0.7728095732903374,1,0
13,55,465,0.5484191629935626,1,1
10,42,118,0.06646332577627212,1,0
11,49,277,0.7665150495325846,1,1
12,22,454,0.583713587731364,0,1
7,43,249,0.7819599771579592,1,0
17,37,310,0.7517469923958404,1,1
0,83,112,0.8030020719578371,1,0
14,22,259,0.5180080664046248,1,1
7,44,462,0.140324518193515,0,1
10,51,529,0.6711574733796887,0,1
11,79,162,0.6204737850519706,1,1
11,49,183,0.7422531871990872,1,0
3,7,352,0.1698810060507353,0,1
15,84,440,0.19497519990028922,0,1
3,0,333,0.8904095172193285,1,0
4,7,429,0.7499777984520708,1,0
4,28,494,0.9082284887003229,0,0
7,95,421,0.7587153211639207,0,0
9,4,93,0.5971553059903019,0,0
16,85,122,0.6541327370278737,0,0
8,46,341,0.88912792394001,0,1
18,33,387,0.5788067545119405,0,0
13,64,50,0.6323913243283874,1,1
7,54,114,0.15647671600360058,0,0
8,89,211,0.4739212201161027,0,1
10,42,459,0.716397111958099,0,1
0,73,275,0.2709426983163654,0,1
13,29,219,0.20225418052453492,1,0
4,81,572,0.31382680822441555,1,0
13,16,127,0.24150062799283345,0,0
3,25,386,0.21491263703639585,1,0
0,7,560,0.42485084286808694,1,1
18,46,549,0.9078385138835341,1,0
7,75,93,0.5070596467387183,1,1
14,90,463,0.18792038081532303,1,1
14,71,523,0.07697166938087407,1,0
8,88,396,0.6961561451379252,0,0
8,45,359,0.38279876443638783,0,0
9,67,305,0.8218309465853593,0,1
19,32,267,0.6595107686407702,0,0
8,0,90,0.7962414505413685,0,1
2,18,277,0.27194603941844875,1,0
19,30,428,0.6923589224610581,0,1
10,79,244,0.2640619846937188,0,0
5,13,320,0.9390684794502916,1,0
1,52,366,0.6363742815333744,1,1
